_id,timestamp,actor,verb,object,metadata
5e70a9526d598205ac9c575a,2020-03-17T10:41:22.511Z,201822111310142,"{""id"":""http://kfcoding.com/verbs/learn-unit"",""display"":{""en-US"":""learn-unit""}}",learn-unit:大数据与人工智能通识导论-05 数据思维-视频5-3：计算思维与数据思维,1191.17
5e70a4ab6d598205ac9c572d,2020-03-17T10:21:31.158Z,201822111310142,"{""id"":""http://kfcoding.com/verbs/learn-unit"",""display"":{""en-US"":""learn-unit""}}",learn-unit:大数据与人工智能通识导论-05 数据思维-视频5-2：问题求解与思维方式,1300.24
5e709f9569b80405830dab72,2020-03-17T09:59:49.576Z,201822111310142,"{""id"":""http://kfcoding.com/verbs/learn-unit"",""display"":{""en-US"":""learn-unit""}}",learn-unit:大数据与人工智能通识导论-05 数据思维-视频5-1：开篇实例,24720.33
5e7097c869b80405830dab4d,2020-03-17T09:26:32.715Z,201822111511015,"{""id"":""http://kfcoding.com/verbs/learn-unit"",""display"":{""en-US"":""learn-unit""}}",learn-unit:大数据与人工智能通识导论-05 数据思维-视频5-3：计算思维与数据思维,343.68
5e70967069b80405830dab45,2020-03-17T09:20:48.624Z,201822111511015,"{""id"":""http://kfcoding.com/verbs/learn-unit"",""display"":{""en-US"":""learn-unit""}}",learn-unit:大数据与人工智能通识导论-05 数据思维-视频5-2：问题求解与思维方式,113.51
5e70953269b80405830dab39,2020-03-17T09:15:30.950Z,201822111511015,"{""id"":""http://kfcoding.com/verbs/learn-unit"",""display"":{""en-US"":""learn-unit""}}",learn-unit:大数据与人工智能通识导论-05 数据思维-视频5-1：开篇实例,155.46
5e70431c6d598205ac9c5538,2020-03-17T03:25:16.719Z,201822111310274,"{""id"":""http://kfcoding.com/verbs/learn-unit"",""display"":{""en-US"":""learn-unit""}}",learn-unit:大数据与人工智能通识导论-05 数据思维-视频5-5：总结,0.02
5e70431c6d598205ac9c5537,2020-03-17T03:25:16.545Z,201822111310274,"{""id"":""http://kfcoding.com/verbs/learn-unit"",""display"":{""en-US"":""learn-unit""}}",learn-unit:大数据与人工智能通识导论-05 数据思维-视频5-4：像数据科学家一样思考,191.33
5e70431c6d598205ac9c5535,2020-03-17T03:25:16.328Z,201822111310274,"{""id"":""http://kfcoding.com/verbs/learn-unit"",""display"":{""en-US"":""learn-unit""}}",learn-unit:大数据与人工智能通识导论-05 数据思维-视频5-4：像数据科学家一样思考,191.12
5e70425c6d598205ac9c5533,2020-03-17T03:22:04.915Z,201822111310274,"{""id"":""http://kfcoding.com/verbs/learn-unit"",""display"":{""en-US"":""learn-unit""}}",learn-unit:大数据与人工智能通识导论-05 数据思维-视频5-3：计算思维与数据思维,6.17
5e70425c6d598205ac9c5531,2020-03-17T03:22:04.696Z,201822111310274,"{""id"":""http://kfcoding.com/verbs/learn-unit"",""display"":{""en-US"":""learn-unit""}}",learn-unit:大数据与人工智能通识导论-05 数据思维-视频5-3：计算思维与数据思维,5.95
5e7042566d598205ac9c552f,2020-03-17T03:21:58.521Z,201822111310274,"{""id"":""http://kfcoding.com/verbs/learn-unit"",""display"":{""en-US"":""learn-unit""}}",learn-unit:大数据与人工智能通识导论-05 数据思维-视频5-3：计算思维与数据思维,0.02
5e7042566d598205ac9c552e,2020-03-17T03:21:58.313Z,201822111310274,"{""id"":""http://kfcoding.com/verbs/learn-unit"",""display"":{""en-US"":""learn-unit""}}",learn-unit:大数据与人工智能通识导论-05 数据思维-视频5-2：问题求解与思维方式,6.66
5e7042566d598205ac9c552c,2020-03-17T03:21:58.055Z,201822111310274,"{""id"":""http://kfcoding.com/verbs/learn-unit"",""display"":{""en-US"":""learn-unit""}}",learn-unit:大数据与人工智能通识导论-05 数据思维-视频5-2：问题求解与思维方式,6.36
5e6fb6c569b80405830da639,2020-03-16T17:26:29.757Z,201822111310237,"{""id"":""http://kfcoding.com/verbs/learn-unit"",""display"":{""en-US"":""learn-unit""}}",learn-unit:大数据与人工智能通识导论-05 数据思维-视频5-4：像数据科学家一样思考,13815.55
5e6f7cde69b80405830da5ed,2020-03-16T13:19:26.092Z,201822111310212,"{""id"":""http://kfcoding.com/verbs/learn-unit"",""display"":{""en-US"":""learn-unit""}}",learn-unit:大数据与人工智能通识导论-05 数据思维-视频5-3：计算思维与数据思维,1819.33
5e6f7ca06d598205ac9c5198,2020-03-16T13:18:24.424Z,201822111310071,"{""id"":""http://kfcoding.com/verbs/learn-unit"",""display"":{""en-US"":""learn-unit""}}",learn-unit:大数据与人工智能通识导论-05 数据思维-视频5-4：像数据科学家一样思考,702.63
5e6f7aa869b80405830da5eb,2020-03-16T13:10:00.037Z,201822111310206,"{""id"":""http://kfcoding.com/verbs/learn-unit"",""display"":{""en-US"":""learn-unit""}}",learn-unit:大数据与人工智能通识导论-05 数据思维-视频5-4：像数据科学家一样思考,3754.4
5e6f79e169b80405830da5e2,2020-03-16T13:06:41.374Z,201822111310071,"{""id"":""http://kfcoding.com/verbs/learn-unit"",""display"":{""en-US"":""learn-unit""}}",learn-unit:大数据与人工智能通识导论-05 数据思维-视频5-3：计算思维与数据思维,235.21
5e6f78f56d598205ac9c5190,2020-03-16T13:02:45.764Z,201822111310071,"{""id"":""http://kfcoding.com/verbs/learn-unit"",""display"":{""en-US"":""learn-unit""}}",learn-unit:大数据与人工智能通识导论-05 数据思维-视频5-2：问题求解与思维方式,762.82
5e6f75fa6d598205ac9c517f,2020-03-16T12:50:02.733Z,201822111310071,"{""id"":""http://kfcoding.com/verbs/learn-unit"",""display"":{""en-US"":""learn-unit""}}",learn-unit:大数据与人工智能通识导论-05 数据思维-视频5-3：计算思维与数据思维,0.33
5e6f75fa6d598205ac9c517e,2020-03-16T12:50:02.054Z,201822111310071,"{""id"":""http://kfcoding.com/verbs/learn-unit"",""display"":{""en-US"":""learn-unit""}}",learn-unit:大数据与人工智能通识导论-05 数据思维-视频5-1：开篇实例,1440.36
5e6f75c26d598205ac9c517b,2020-03-16T12:49:06.593Z,201822111310212,"{""id"":""http://kfcoding.com/verbs/learn-unit"",""display"":{""en-US"":""learn-unit""}}",learn-unit:大数据与人工智能通识导论-05 数据思维-视频5-2：问题求解与思维方式,768.61
5e6f751869b80405830da5d6,2020-03-16T12:46:16.243Z,201931107010103,"{""id"":""http://kfcoding.com/verbs/learn-unit"",""display"":{""en-US"":""learn-unit""}}",learn-unit:大数据与人工智能通识导论-05 数据思维-视频5-4：像数据科学家一样思考,832.1
5e6f73f569b80405830da5d4,2020-03-16T12:41:25.855Z,201822111310144,"{""id"":""http://kfcoding.com/verbs/learn-unit"",""display"":{""en-US"":""learn-unit""}}",learn-unit:大数据与人工智能通识导论-05 数据思维-视频5-4：像数据科学家一样思考,2766.71
5e6f72c169b80405830da5cd,2020-03-16T12:36:17.833Z,201822111310212,"{""id"":""http://kfcoding.com/verbs/learn-unit"",""display"":{""en-US"":""learn-unit""}}",learn-unit:大数据与人工智能通识导论-05 数据思维-视频5-1：开篇实例,800.57
5e6f72b06d598205ac9c516b,2020-03-16T12:36:00.966Z,201822111310259,"{""id"":""http://kfcoding.com/verbs/learn-unit"",""display"":{""en-US"":""learn-unit""}}",learn-unit:大数据与人工智能通识导论-05 数据思维-视频5-4：像数据科学家一样思考,580.69
5e6f71f36d598205ac9c5164,2020-03-16T12:32:51.117Z,201822111310324,"{""id"":""http://kfcoding.com/verbs/learn-unit"",""display"":{""en-US"":""learn-unit""}}",learn-unit:大数据与人工智能通识导论-05 数据思维-视频5-4：像数据科学家一样思考,465.55
5e6f71d76d598205ac9c5162,2020-03-16T12:32:23.904Z,201931107010103,"{""id"":""http://kfcoding.com/verbs/learn-unit"",""display"":{""en-US"":""learn-unit""}}",learn-unit:大数据与人工智能通识导论-05 数据思维-视频5-3：计算思维与数据思维,2677.58
5e6f70e96d598205ac9c5147,2020-03-16T12:28:25.035Z,201822111310147,"{""id"":""http://kfcoding.com/verbs/learn-unit"",""display"":{""en-US"":""learn-unit""}}",learn-unit:大数据与人工智能通识导论-05 数据思维-视频5-4：像数据科学家一样思考,589.71
5e6f70dc6d598205ac9c5145,2020-03-16T12:28:12.646Z,201822111310261,"{""id"":""http://kfcoding.com/verbs/learn-unit"",""display"":{""en-US"":""learn-unit""}}",learn-unit:大数据与人工智能通识导论-05 数据思维-视频5-2：问题求解与思维方式,717.11
5e6f707969b80405830da5a0,2020-03-16T12:26:33.034Z,201822111310166,"{""id"":""http://kfcoding.com/verbs/learn-unit"",""display"":{""en-US"":""learn-unit""}}",learn-unit:大数据与人工智能通识导论-05 数据思维-视频5-4：像数据科学家一样思考,579.01
5e6f706b6d598205ac9c513d,2020-03-16T12:26:19.816Z,201822111310259,"{""id"":""http://kfcoding.com/verbs/learn-unit"",""display"":{""en-US"":""learn-unit""}}",learn-unit:大数据与人工智能通识导论-05 数据思维-视频5-3：计算思维与数据思维,1193.31
5e6f70216d598205ac9c5136,2020-03-16T12:25:05.329Z,201822111310324,"{""id"":""http://kfcoding.com/verbs/learn-unit"",""display"":{""en-US"":""learn-unit""}}",learn-unit:大数据与人工智能通识导论-05 数据思维-视频5-3：计算思维与数据思维,1006.28
5e6f70196d598205ac9c5134,2020-03-16T12:24:57.357Z,201822111321019,"{""id"":""http://kfcoding.com/verbs/learn-unit"",""display"":{""en-US"":""learn-unit""}}",learn-unit:大数据与人工智能通识导论-05 数据思维-视频5-4：像数据科学家一样思考,1192.49
5e6f6f8a69b80405830da582,2020-03-16T12:22:34.644Z,201822111310043,"{""id"":""http://kfcoding.com/verbs/learn-unit"",""display"":{""en-US"":""learn-unit""}}",learn-unit:大数据与人工智能通识导论-05 数据思维-视频5-4：像数据科学家一样思考,621.27
5e6f6f2a6d598205ac9c5127,2020-03-16T12:20:58.450Z,201822111321038,"{""id"":""http://kfcoding.com/verbs/learn-unit"",""display"":{""en-US"":""learn-unit""}}",learn-unit:大数据与人工智能通识导论-05 数据思维-视频5-4：像数据科学家一样思考,1627.73
5e6f6f0069b80405830da57d,2020-03-16T12:20:16.815Z,201822111310139,"{""id"":""http://kfcoding.com/verbs/learn-unit"",""display"":{""en-US"":""learn-unit""}}",learn-unit:大数据与人工智能通识导论-05 数据思维-视频5-4：像数据科学家一样思考,2122.5
5e6f6ef269b80405830da577,2020-03-16T12:20:02.827Z,201931107010235,"{""id"":""http://kfcoding.com/verbs/learn-unit"",""display"":{""en-US"":""learn-unit""}}",learn-unit:大数据与人工智能通识导论-05 数据思维-视频5-2：问题求解与思维方式,895.66
5e6f6ec86d598205ac9c5120,2020-03-16T12:19:20.275Z,201931106020172,"{""id"":""http://kfcoding.com/verbs/learn-unit"",""display"":{""en-US"":""learn-unit""}}",learn-unit:大数据与人工智能通识导论-05 数据思维-视频5-2：问题求解与思维方式,1073.78
5e6f6e9b6d598205ac9c511e,2020-03-16T12:18:35.007Z,201822111310147,"{""id"":""http://kfcoding.com/verbs/learn-unit"",""display"":{""en-US"":""learn-unit""}}",learn-unit:大数据与人工智能通识导论-05 数据思维-视频5-3：计算思维与数据思维,1353.28
5e6f6e3569b80405830da565,2020-03-16T12:16:53.806Z,201822111310166,"{""id"":""http://kfcoding.com/verbs/learn-unit"",""display"":{""en-US"":""learn-unit""}}",learn-unit:大数据与人工智能通识导论-05 数据思维-视频5-3：计算思维与数据思维,1168.3
5e6f6e2e6d598205ac9c5111,2020-03-16T12:16:46.237Z,201822111310299,"{""id"":""http://kfcoding.com/verbs/learn-unit"",""display"":{""en-US"":""learn-unit""}}",learn-unit:大数据与人工智能通识导论-05 数据思维-视频5-4：像数据科学家一样思考,626.99
5e6f6e0f69b80405830da562,2020-03-16T12:16:15.334Z,201822111310261,"{""id"":""http://kfcoding.com/verbs/learn-unit"",""display"":{""en-US"":""learn-unit""}}",learn-unit:大数据与人工智能通识导论-05 数据思维-视频5-1：开篇实例,634.23
5e6f6d9b6d598205ac9c5107,2020-03-16T12:14:19.179Z,201822111310288,"{""id"":""http://kfcoding.com/verbs/learn-unit"",""display"":{""en-US"":""learn-unit""}}",learn-unit:大数据与人工智能通识导论-05 数据思维-视频5-4：像数据科学家一样思考,587.6
5e6f6d996d598205ac9c5106,2020-03-16T12:14:17.821Z,201822111310288,"{""id"":""http://kfcoding.com/verbs/learn-unit"",""display"":{""en-US"":""learn-unit""}}",learn-unit:大数据与人工智能通识导论-05 数据思维-视频5-4：像数据科学家一样思考,586.23
5e6f6d7d69b80405830da55c,2020-03-16T12:13:49.568Z,201722111930013,"{""id"":""http://kfcoding.com/verbs/learn-unit"",""display"":{""en-US"":""learn-unit""}}",learn-unit:大数据与人工智能通识导论-05 数据思维-视频5-4：像数据科学家一样思考,935.97
5e6f6d5d6d598205ac9c5104,2020-03-16T12:13:17.479Z,201822111310124,"{""id"":""http://kfcoding.com/verbs/learn-unit"",""display"":{""en-US"":""learn-unit""}}",learn-unit:大数据与人工智能通识导论-05 数据思维-视频5-4：像数据科学家一样思考,621.54
5e6f6d3b69b80405830da55a,2020-03-16T12:12:43.059Z,201822111310087,"{""id"":""http://kfcoding.com/verbs/learn-unit"",""display"":{""en-US"":""learn-unit""}}",learn-unit:大数据与人工智能通识导论-05 数据思维-视频5-4：像数据科学家一样思考,479.5
5e6f6d346d598205ac9c5102,2020-03-16T12:12:36.248Z,201822111310103,"{""id"":""http://kfcoding.com/verbs/learn-unit"",""display"":{""en-US"":""learn-unit""}}",learn-unit:大数据与人工智能通识导论-05 数据思维-视频5-5：总结,668.13
5e6f6d1d6d598205ac9c5100,2020-03-16T12:12:13.259Z,201822111310043,"{""id"":""http://kfcoding.com/verbs/learn-unit"",""display"":{""en-US"":""learn-unit""}}",learn-unit:大数据与人工智能通识导论-05 数据思维-视频5-3：计算思维与数据思维,1266.11
5e6f6d0469b80405830da558,2020-03-16T12:11:48.822Z,201822111310208,"{""id"":""http://kfcoding.com/verbs/learn-unit"",""display"":{""en-US"":""learn-unit""}}",learn-unit:大数据与人工智能通识导论-05 数据思维-视频5-5：总结,88.68
5e6f6c6469b80405830da556,2020-03-16T12:09:08.031Z,201931109010006,"{""id"":""http://kfcoding.com/verbs/learn-unit"",""display"":{""en-US"":""learn-unit""}}",learn-unit:大数据与人工智能通识导论-05 数据思维-视频5-2：问题求解与思维方式,1765.09
5e6f6c326d598205ac9c50fa,2020-03-16T12:08:18.763Z,201822111310324,"{""id"":""http://kfcoding.com/verbs/learn-unit"",""display"":{""en-US"":""learn-unit""}}",learn-unit:大数据与人工智能通识导论-05 数据思维-视频5-2：问题求解与思维方式,1805.65
5e6f6bfd6d598205ac9c50f5,2020-03-16T12:07:25.553Z,201822111310206,"{""id"":""http://kfcoding.com/verbs/learn-unit"",""display"":{""en-US"":""learn-unit""}}",learn-unit:大数据与人工智能通识导论-05 数据思维-视频5-3：计算思维与数据思维,2451.47
5e6f6bf269b80405830da554,2020-03-16T12:07:14.945Z,201822111310156,"{""id"":""http://kfcoding.com/verbs/learn-unit"",""display"":{""en-US"":""learn-unit""}}",learn-unit:大数据与人工智能通识导论-05 数据思维-视频5-5：总结,101.9
5e6f6be66d598205ac9c50f3,2020-03-16T12:07:02.643Z,201931108024014,"{""id"":""http://kfcoding.com/verbs/learn-unit"",""display"":{""en-US"":""learn-unit""}}",learn-unit:大数据与人工智能通识导论-05 数据思维-视频5-4：像数据科学家一样思考,918.6
5e6f6bc06d598205ac9c50f1,2020-03-16T12:06:24.313Z,201931106030001,"{""id"":""http://kfcoding.com/verbs/learn-unit"",""display"":{""en-US"":""learn-unit""}}",learn-unit:大数据与人工智能通识导论-05 数据思维-视频5-4：像数据科学家一样思考,583.48
5e6f6bbb6d598205ac9c50ed,2020-03-16T12:06:19.053Z,201822111310299,"{""id"":""http://kfcoding.com/verbs/learn-unit"",""display"":{""en-US"":""learn-unit""}}",learn-unit:大数据与人工智能通识导论-05 数据思维-视频5-3：计算思维与数据思维,665.28
5e6f6b8c6d598205ac9c50e3,2020-03-16T12:05:32.873Z,201822111310156,"{""id"":""http://kfcoding.com/verbs/learn-unit"",""display"":{""en-US"":""learn-unit""}}",learn-unit:大数据与人工智能通识导论-05 数据思维-视频5-4：像数据科学家一样思考,1065.69
5e6f6b7269b80405830da546,2020-03-16T12:05:06.870Z,201931107010235,"{""id"":""http://kfcoding.com/verbs/learn-unit"",""display"":{""en-US"":""learn-unit""}}",learn-unit:大数据与人工智能通识导论-05 数据思维-视频5-1：开篇实例,1519.64
5e6f6b7169b80405830da544,2020-03-16T12:05:05.140Z,201822111321019,"{""id"":""http://kfcoding.com/verbs/learn-unit"",""display"":{""en-US"":""learn-unit""}}",learn-unit:大数据与人工智能通识导论-05 数据思维-视频5-4：像数据科学家一样思考,0.28
5e6f6b706d598205ac9c50e0,2020-03-16T12:05:04.680Z,201822111321019,"{""id"":""http://kfcoding.com/verbs/learn-unit"",""display"":{""en-US"":""learn-unit""}}",learn-unit:大数据与人工智能通识导论-05 数据思维-视频5-3：计算思维与数据思维,1163.64
5e6f6b6069b80405830da542,2020-03-16T12:04:48.450Z,201822111310205,"{""id"":""http://kfcoding.com/verbs/learn-unit"",""display"":{""en-US"":""learn-unit""}}",learn-unit:大数据与人工智能通识导论-05 数据思维-视频5-4：像数据科学家一样思考,291.61
5e6f6b5a6d598205ac9c50de,2020-03-16T12:04:42.965Z,201822111310087,"{""id"":""http://kfcoding.com/verbs/learn-unit"",""display"":{""en-US"":""learn-unit""}}",learn-unit:大数据与人工智能通识导论-05 数据思维-视频5-3：计算思维与数据思维,203.8
5e6f6b4f69b80405830da53e,2020-03-16T12:04:31.389Z,201822111310288,"{""id"":""http://kfcoding.com/verbs/learn-unit"",""display"":{""en-US"":""learn-unit""}}",learn-unit:大数据与人工智能通识导论-05 数据思维-视频5-3：计算思维与数据思维,1456.93
5e6f6aeb69b80405830da538,2020-03-16T12:02:51.641Z,201822111310237,"{""id"":""http://kfcoding.com/verbs/learn-unit"",""display"":{""en-US"":""learn-unit""}}",learn-unit:大数据与人工智能通识导论-05 数据思维-视频5-2：问题求解与思维方式,1027.63
5e6f6a976d598205ac9c50cd,2020-03-16T12:01:27.818Z,201822111310103,"{""id"":""http://kfcoding.com/verbs/learn-unit"",""display"":{""en-US"":""learn-unit""}}",learn-unit:大数据与人工智能通识导论-05 数据思维-视频5-4：像数据科学家一样思考,603.92
5e6f6a9669b80405830da533,2020-03-16T12:01:26.259Z,201931106020172,"{""id"":""http://kfcoding.com/verbs/learn-unit"",""display"":{""en-US"":""learn-unit""}}",learn-unit:大数据与人工智能通识导论-05 数据思维-视频5-1：开篇实例,319.66
5e6f6a3c6d598205ac9c50c0,2020-03-16T11:59:56.714Z,201822111310205,"{""id"":""http://kfcoding.com/verbs/learn-unit"",""display"":{""en-US"":""learn-unit""}}",learn-unit:大数据与人工智能通识导论-05 数据思维-视频5-3：计算思维与数据思维,101.81
5e6f6a2069b80405830da527,2020-03-16T11:59:28.104Z,201931108021022,"{""id"":""http://kfcoding.com/verbs/learn-unit"",""display"":{""en-US"":""learn-unit""}}",learn-unit:大数据与人工智能通识导论-05 数据思维-视频5-4：像数据科学家一样思考,675.53
5e6f6a1169b80405830da525,2020-03-16T11:59:13.188Z,201931103031004,"{""id"":""http://kfcoding.com/verbs/learn-unit"",""display"":{""en-US"":""learn-unit""}}",learn-unit:大数据与人工智能通识导论-05 数据思维-视频5-4：像数据科学家一样思考,833.32
5e6f69d669b80405830da521,2020-03-16T11:58:14.693Z,201822111310205,"{""id"":""http://kfcoding.com/verbs/learn-unit"",""display"":{""en-US"":""learn-unit""}}",learn-unit:大数据与人工智能通识导论-05 数据思维-视频5-2：问题求解与思维方式,422.93
5e6f69d56d598205ac9c50b8,2020-03-16T11:58:13.368Z,201722111930013,"{""id"":""http://kfcoding.com/verbs/learn-unit"",""display"":{""en-US"":""learn-unit""}}",learn-unit:大数据与人工智能通识导论-05 数据思维-视频5-3：计算思维与数据思维,1232.86
5e6f69c469b80405830da51f,2020-03-16T11:57:56.687Z,201822111511016,"{""id"":""http://kfcoding.com/verbs/learn-unit"",""display"":{""en-US"":""learn-unit""}}",learn-unit:大数据与人工智能通识导论-05 数据思维-视频5-4：像数据科学家一样思考,500.64
5e6f69af69b80405830da51c,2020-03-16T11:57:35.728Z,201822111321005,"{""id"":""http://kfcoding.com/verbs/learn-unit"",""display"":{""en-US"":""learn-unit""}}",learn-unit:大数据与人工智能通识导论-05 数据思维-视频5-2：问题求解与思维方式,742.78
5e6f69a569b80405830da519,2020-03-16T11:57:25.204Z,201822111310166,"{""id"":""http://kfcoding.com/verbs/learn-unit"",""display"":{""en-US"":""learn-unit""}}",learn-unit:大数据与人工智能通识导论-05 数据思维-视频5-2：问题求解与思维方式,1101.79
5e6f697869b80405830da517,2020-03-16T11:56:40.680Z,201931106030001,"{""id"":""http://kfcoding.com/verbs/learn-unit"",""display"":{""en-US"":""learn-unit""}}",learn-unit:大数据与人工智能通识导论-05 数据思维-视频5-3：计算思维与数据思维,1177.98
5e6f69516d598205ac9c50ae,2020-03-16T11:56:01.519Z,201822111310147,"{""id"":""http://kfcoding.com/verbs/learn-unit"",""display"":{""en-US"":""learn-unit""}}",learn-unit:大数据与人工智能通识导论-05 数据思维-视频5-2：问题求解与思维方式,851.28
5e6f692d6d598205ac9c50a9,2020-03-16T11:55:25.491Z,201822111310087,"{""id"":""http://kfcoding.com/verbs/learn-unit"",""display"":{""en-US"":""learn-unit""}}",learn-unit:大数据与人工智能通识导论-05 数据思维-视频5-1：开篇实例,5.21
5e6f692869b80405830da50d,2020-03-16T11:55:20.580Z,201822111310087,"{""id"":""http://kfcoding.com/verbs/learn-unit"",""display"":{""en-US"":""learn-unit""}}",learn-unit:大数据与人工智能通识导论-05 数据思维-视频5-1：开篇实例,0.27
5e6f69276d598205ac9c50a8,2020-03-16T11:55:19.927Z,201822111310087,"{""id"":""http://kfcoding.com/verbs/learn-unit"",""display"":{""en-US"":""learn-unit""}}",learn-unit:大数据与人工智能通识导论-05 数据思维-视频5-4：像数据科学家一样思考,542.66
5e6f692169b80405830da50b,2020-03-16T11:55:13.542Z,201822111310299,"{""id"":""http://kfcoding.com/verbs/learn-unit"",""display"":{""en-US"":""learn-unit""}}",learn-unit:大数据与人工智能通识导论-05 数据思维-视频5-2：问题求解与思维方式,3.18
5e6f691669b80405830da507,2020-03-16T11:55:02.123Z,201822111310124,"{""id"":""http://kfcoding.com/verbs/learn-unit"",""display"":{""en-US"":""learn-unit""}}",learn-unit:大数据与人工智能通识导论-05 数据思维-视频5-1：开篇实例,187.3
5e6f69046d598205ac9c50a6,2020-03-16T11:54:44.920Z,201822111310194,"{""id"":""http://kfcoding.com/verbs/learn-unit"",""display"":{""en-US"":""learn-unit""}}",learn-unit:大数据与人工智能通识导论-05 数据思维-视频5-5：总结,1436.18
5e6f690469b80405830da505,2020-03-16T11:54:44.731Z,201822111310127,"{""id"":""http://kfcoding.com/verbs/learn-unit"",""display"":{""en-US"":""learn-unit""}}",learn-unit:大数据与人工智能通识导论-05 数据思维-视频5-4：像数据科学家一样思考,610.87
5e6f68fe6d598205ac9c50a4,2020-03-16T11:54:38.663Z,201822111310326,"{""id"":""http://kfcoding.com/verbs/learn-unit"",""display"":{""en-US"":""learn-unit""}}",learn-unit:大数据与人工智能通识导论-05 数据思维-视频5-1：开篇实例,4.22
5e6f68fa6d598205ac9c50a3,2020-03-16T11:54:34.237Z,201822111310326,"{""id"":""http://kfcoding.com/verbs/learn-unit"",""display"":{""en-US"":""learn-unit""}}",learn-unit:大数据与人工智能通识导论-05 数据思维-视频5-5：总结,95.16
5e6f68e969b80405830da500,2020-03-16T11:54:17.429Z,201931107010206,"{""id"":""http://kfcoding.com/verbs/learn-unit"",""display"":{""en-US"":""learn-unit""}}",learn-unit:大数据与人工智能通识导论-05 数据思维-视频5-3：计算思维与数据思维,152.73
5e6f68e86d598205ac9c50a1,2020-03-16T11:54:16.681Z,201822111310130,"{""id"":""http://kfcoding.com/verbs/learn-unit"",""display"":{""en-US"":""learn-unit""}}",learn-unit:大数据与人工智能通识导论-05 数据思维-视频5-3：计算思维与数据思维,368.54
5e6f68e469b80405830da4fe,2020-03-16T11:54:12.291Z,201822111310144,"{""id"":""http://kfcoding.com/verbs/learn-unit"",""display"":{""en-US"":""learn-unit""}}",learn-unit:大数据与人工智能通识导论-05 数据思维-视频5-3：计算思维与数据思维,1179.85
5e6f68d96d598205ac9c50a0,2020-03-16T11:54:01.083Z,201822111310208,"{""id"":""http://kfcoding.com/verbs/learn-unit"",""display"":{""en-US"":""learn-unit""}}",learn-unit:大数据与人工智能通识导论-05 数据思维-视频5-4：像数据科学家一样思考,744.27
5e6f68ce69b80405830da4f8,2020-03-16T11:53:50.619Z,201822111321038,"{""id"":""http://kfcoding.com/verbs/learn-unit"",""display"":{""en-US"":""learn-unit""}}",learn-unit:大数据与人工智能通识导论-05 数据思维-视频5-3：计算思维与数据思维,1086.12
5e6f68ce6d598205ac9c509e,2020-03-16T11:53:50.545Z,201822111310259,"{""id"":""http://kfcoding.com/verbs/learn-unit"",""display"":{""en-US"":""learn-unit""}}",learn-unit:大数据与人工智能通识导论-05 数据思维-视频5-3：计算思维与数据思维,191.03
5e6f68996d598205ac9c509c,2020-03-16T11:52:57.603Z,201822111310326,"{""id"":""http://kfcoding.com/verbs/learn-unit"",""display"":{""en-US"":""learn-unit""}}",learn-unit:大数据与人工智能通识导论-05 数据思维-视频5-4：像数据科学家一样思考,1059.44
5e6f68506d598205ac9c509a,2020-03-16T11:51:44.554Z,201931107010206,"{""id"":""http://kfcoding.com/verbs/learn-unit"",""display"":{""en-US"":""learn-unit""}}",learn-unit:大数据与人工智能通识导论-05 数据思维-视频5-2：问题求解与思维方式,750.24
5e6f684f69b80405830da4f1,2020-03-16T11:51:43.825Z,201931108024014,"{""id"":""http://kfcoding.com/verbs/learn-unit"",""display"":{""en-US"":""learn-unit""}}",learn-unit:大数据与人工智能通识导论-05 数据思维-视频5-3：计算思维与数据思维,1282.63
5e6f683b6d598205ac9c5098,2020-03-16T11:51:23.695Z,201822111310103,"{""id"":""http://kfcoding.com/verbs/learn-unit"",""display"":{""en-US"":""learn-unit""}}",learn-unit:大数据与人工智能通识导论-05 数据思维-视频5-3：计算思维与数据思维,1553
5e6f682f6d598205ac9c5096,2020-03-16T11:51:11.605Z,201822111310205,"{""id"":""http://kfcoding.com/verbs/learn-unit"",""display"":{""en-US"":""learn-unit""}}",learn-unit:大数据与人工智能通识导论-05 数据思维-视频5-3：计算思维与数据思维,1688.93
5e6f682b69b80405830da4ef,2020-03-16T11:51:07.031Z,201822111310043,"{""id"":""http://kfcoding.com/verbs/learn-unit"",""display"":{""en-US"":""learn-unit""}}",learn-unit:大数据与人工智能通识导论-05 数据思维-视频5-2：问题求解与思维方式,2080.38
5e6f680f6d598205ac9c5094,2020-03-16T11:50:39.179Z,201822111310259,"{""id"":""http://kfcoding.com/verbs/learn-unit"",""display"":{""en-US"":""learn-unit""}}",learn-unit:大数据与人工智能通识导论-05 数据思维-视频5-2：问题求解与思维方式,16.31
5e6f67d46d598205ac9c5092,2020-03-16T11:49:40.513Z,201822111310259,"{""id"":""http://kfcoding.com/verbs/learn-unit"",""display"":{""en-US"":""learn-unit""}}",learn-unit:大数据与人工智能通识导论-05 数据思维-视频5-2：问题求解与思维方式,14.21
5e6f67cf69b80405830da4eb,2020-03-16T11:49:35.925Z,201822111511016,"{""id"":""http://kfcoding.com/verbs/learn-unit"",""display"":{""en-US"":""learn-unit""}}",learn-unit:大数据与人工智能通识导论-05 数据思维-视频5-3：计算思维与数据思维,1185.08
5e6f67b069b80405830da4e8,2020-03-16T11:49:04.570Z,201822111310259,"{""id"":""http://kfcoding.com/verbs/learn-unit"",""display"":{""en-US"":""learn-unit""}}",learn-unit:大数据与人工智能通识导论-05 数据思维-视频5-3：计算思维与数据思维,3.42
5e6f677c6d598205ac9c508d,2020-03-16T11:48:12.425Z,201931108021022,"{""id"":""http://kfcoding.com/verbs/learn-unit"",""display"":{""en-US"":""learn-unit""}}",learn-unit:大数据与人工智能通识导论-05 数据思维-视频5-3：计算思维与数据思维,1181.09
5e6f67786d598205ac9c508b,2020-03-16T11:48:08.028Z,201822111310130,"{""id"":""http://kfcoding.com/verbs/learn-unit"",""display"":{""en-US"":""learn-unit""}}",learn-unit:大数据与人工智能通识导论-05 数据思维-视频5-2：问题求解与思维方式,1985.25
5e6f676369b80405830da4e2,2020-03-16T11:47:47.029Z,201822111310156,"{""id"":""http://kfcoding.com/verbs/learn-unit"",""display"":{""en-US"":""learn-unit""}}",learn-unit:大数据与人工智能通识导论-05 数据思维-视频5-3：计算思维与数据思维,2156.82
5e6f67626d598205ac9c5089,2020-03-16T11:47:46.103Z,201931107010103,"{""id"":""http://kfcoding.com/verbs/learn-unit"",""display"":{""en-US"":""learn-unit""}}",learn-unit:大数据与人工智能通识导论-05 数据思维-视频5-2：问题求解与思维方式,856.3
5e6f670869b80405830da4e0,2020-03-16T11:46:16.885Z,201822111310087,"{""id"":""http://kfcoding.com/verbs/learn-unit"",""display"":{""en-US"":""learn-unit""}}",learn-unit:大数据与人工智能通识导论-05 数据思维-视频5-3：计算思维与数据思维,1382.63
5e6f66f66d598205ac9c5087,2020-03-16T11:45:58.901Z,201822111310299,"{""id"":""http://kfcoding.com/verbs/learn-unit"",""display"":{""en-US"":""learn-unit""}}",learn-unit:大数据与人工智能通识导论-05 数据思维-视频5-3：计算思维与数据思维,636.38
5e6f66f36d598205ac9c5085,2020-03-16T11:45:55.834Z,201822111310124,"{""id"":""http://kfcoding.com/verbs/learn-unit"",""display"":{""en-US"":""learn-unit""}}",learn-unit:大数据与人工智能通识导论-05 数据思维-视频5-3：计算思维与数据思维,19.8
5e6f66e469b80405830da4de,2020-03-16T11:45:40.843Z,201822111321019,"{""id"":""http://kfcoding.com/verbs/learn-unit"",""display"":{""en-US"":""learn-unit""}}",learn-unit:大数据与人工智能通识导论-05 数据思维-视频5-2：问题求解与思维方式,1532.17
5e6f66df6d598205ac9c5083,2020-03-16T11:45:35.830Z,201822111310124,"{""id"":""http://kfcoding.com/verbs/learn-unit"",""display"":{""en-US"":""learn-unit""}}",learn-unit:大数据与人工智能通识导论-05 数据思维-视频5-4：像数据科学家一样思考,4.58
5e6f66da69b80405830da4dd,2020-03-16T11:45:30.783Z,201822111310124,"{""id"":""http://kfcoding.com/verbs/learn-unit"",""display"":{""en-US"":""learn-unit""}}",learn-unit:大数据与人工智能通识导论-05 数据思维-视频5-3：计算思维与数据思维,1169.53
5e6f66cf6d598205ac9c5080,2020-03-16T11:45:19.630Z,201931103031004,"{""id"":""http://kfcoding.com/verbs/learn-unit"",""display"":{""en-US"":""learn-unit""}}",learn-unit:大数据与人工智能通识导论-05 数据思维-视频5-3：计算思维与数据思维,2.56
5e6f66cc6d598205ac9c507f,2020-03-16T11:45:16.678Z,201931103031004,"{""id"":""http://kfcoding.com/verbs/learn-unit"",""display"":{""en-US"":""learn-unit""}}",learn-unit:大数据与人工智能通识导论-05 数据思维-视频5-4：像数据科学家一样思考,0.54
5e6f66cb6d598205ac9c507e,2020-03-16T11:45:15.829Z,201931103031004,"{""id"":""http://kfcoding.com/verbs/learn-unit"",""display"":{""en-US"":""learn-unit""}}",learn-unit:大数据与人工智能通识导论-05 数据思维-视频5-3：计算思维与数据思维,511.8
5e6f66c869b80405830da4d9,2020-03-16T11:45:12.742Z,201822111321005,"{""id"":""http://kfcoding.com/verbs/learn-unit"",""display"":{""en-US"":""learn-unit""}}",learn-unit:大数据与人工智能通识导论-05 数据思维-视频5-1：开篇实例,819.55
5e6f66b56d598205ac9c507c,2020-03-16T11:44:53.982Z,201822111310139,"{""id"":""http://kfcoding.com/verbs/learn-unit"",""display"":{""en-US"":""learn-unit""}}",learn-unit:大数据与人工智能通识导论-05 数据思维-视频5-3：计算思维与数据思维,1468.54
5e6f66a069b80405830da4d7,2020-03-16T11:44:32.653Z,201822111310127,"{""id"":""http://kfcoding.com/verbs/learn-unit"",""display"":{""en-US"":""learn-unit""}}",learn-unit:大数据与人工智能通识导论-05 数据思维-视频5-3：计算思维与数据思维,1176.03
5e6f66076d598205ac9c507a,2020-03-16T11:41:59.399Z,201822111310033,"{""id"":""http://kfcoding.com/verbs/learn-unit"",""display"":{""en-US"":""learn-unit""}}",learn-unit:大数据与人工智能通识导论-05 数据思维-视频5-3：计算思维与数据思维,295.39
5e6f65fd69b80405830da4d5,2020-03-16T11:41:49.437Z,201822111310147,"{""id"":""http://kfcoding.com/verbs/learn-unit"",""display"":{""en-US"":""learn-unit""}}",learn-unit:大数据与人工智能通识导论-05 数据思维-视频5-1：开篇实例,363.93
5e6f65f06d598205ac9c5078,2020-03-16T11:41:36.646Z,201822111310208,"{""id"":""http://kfcoding.com/verbs/learn-unit"",""display"":{""en-US"":""learn-unit""}}",learn-unit:大数据与人工智能通识导论-05 数据思维-视频5-3：计算思维与数据思维,1167.91
5e6f659e69b80405830da4d3,2020-03-16T11:40:14.230Z,201822111310288,"{""id"":""http://kfcoding.com/verbs/learn-unit"",""display"":{""en-US"":""learn-unit""}}",learn-unit:大数据与人工智能通识导论-05 数据思维-视频5-2：问题求解与思维方式,909.6
5e6f659d6d598205ac9c5076,2020-03-16T11:40:13.934Z,201822111310259,"{""id"":""http://kfcoding.com/verbs/learn-unit"",""display"":{""en-US"":""learn-unit""}}",learn-unit:大数据与人工智能通识导论-05 数据思维-视频5-2：问题求解与思维方式,828.76
5e6f657e69b80405830da4cf,2020-03-16T11:39:42.765Z,201931109010006,"{""id"":""http://kfcoding.com/verbs/learn-unit"",""display"":{""en-US"":""learn-unit""}}",learn-unit:大数据与人工智能通识导论-05 数据思维-视频5-1：开篇实例,333.43
5e6f656269b80405830da4cd,2020-03-16T11:39:14.211Z,201931107010206,"{""id"":""http://kfcoding.com/verbs/learn-unit"",""display"":{""en-US"":""learn-unit""}}",learn-unit:大数据与人工智能通识导论-05 数据思维-视频5-1：开篇实例,346.01
5e6f65576d598205ac9c5072,2020-03-16T11:39:03.202Z,201822111310166,"{""id"":""http://kfcoding.com/verbs/learn-unit"",""display"":{""en-US"":""learn-unit""}}",learn-unit:大数据与人工智能通识导论-05 数据思维-视频5-1：开篇实例,362.67
5e6f65246d598205ac9c506c,2020-03-16T11:38:12.323Z,201822111310324,"{""id"":""http://kfcoding.com/verbs/learn-unit"",""display"":{""en-US"":""learn-unit""}}",learn-unit:大数据与人工智能通识导论-05 数据思维-视频5-1：开篇实例,833.57
5e6f650469b80405830da4c7,2020-03-16T11:37:40.284Z,201722111930013,"{""id"":""http://kfcoding.com/verbs/learn-unit"",""display"":{""en-US"":""learn-unit""}}",learn-unit:大数据与人工智能通识导论-05 数据思维-视频5-2：问题求解与思维方式,789.61
5e6f650469b80405830da4c6,2020-03-16T11:37:40.077Z,201722111930013,"{""id"":""http://kfcoding.com/verbs/learn-unit"",""display"":{""en-US"":""learn-unit""}}",learn-unit:大数据与人工智能通识导论-05 数据思维-视频5-2：问题求解与思维方式,789.44
5e6f64df6d598205ac9c5067,2020-03-16T11:37:03.466Z,201822111310033,"{""id"":""http://kfcoding.com/verbs/learn-unit"",""display"":{""en-US"":""learn-unit""}}",learn-unit:大数据与人工智能通识导论-05 数据思维-视频5-4：像数据科学家一样思考,402.14
5e6f64de69b80405830da4c4,2020-03-16T11:37:02.469Z,201931106030001,"{""id"":""http://kfcoding.com/verbs/learn-unit"",""display"":{""en-US"":""learn-unit""}}",learn-unit:大数据与人工智能通识导论-05 数据思维-视频5-2：问题求解与思维方式,1488.2
5e6f64cb69b80405830da4c2,2020-03-16T11:36:43.344Z,201931103031004,"{""id"":""http://kfcoding.com/verbs/learn-unit"",""display"":{""en-US"":""learn-unit""}}",learn-unit:大数据与人工智能通识导论-05 数据思维-视频5-2：问题求解与思维方式,571.14
5e6f64bb6d598205ac9c5064,2020-03-16T11:36:27.502Z,201822111310075,"{""id"":""http://kfcoding.com/verbs/learn-unit"",""display"":{""en-US"":""learn-unit""}}",learn-unit:大数据与人工智能通识导论-05 数据思维-视频5-3：计算思维与数据思维,632.46
5e6f64906d598205ac9c5060,2020-03-16T11:35:44.402Z,201822111321038,"{""id"":""http://kfcoding.com/verbs/learn-unit"",""display"":{""en-US"":""learn-unit""}}",learn-unit:大数据与人工智能通识导论-05 数据思维-视频5-2：问题求解与思维方式,801.45
5e6f647d69b80405830da4b8,2020-03-16T11:35:25.181Z,201822111310200,"{""id"":""http://kfcoding.com/verbs/learn-unit"",""display"":{""en-US"":""learn-unit""}}",learn-unit:大数据与人工智能通识导论-05 数据思维-视频5-5：总结,120.12
5e6f647c69b80405830da4b6,2020-03-16T11:35:24.490Z,201822111310200,"{""id"":""http://kfcoding.com/verbs/learn-unit"",""display"":{""en-US"":""learn-unit""}}",learn-unit:大数据与人工智能通识导论-05 数据思维-视频5-5：总结,119.67
5e6f647c69b80405830da4b4,2020-03-16T11:35:24.276Z,201822111310200,"{""id"":""http://kfcoding.com/verbs/learn-unit"",""display"":{""en-US"":""learn-unit""}}",learn-unit:大数据与人工智能通识导论-05 数据思维-视频5-5：总结,119.46
5e6f647a69b80405830da4b2,2020-03-16T11:35:22.269Z,201822111310299,"{""id"":""http://kfcoding.com/verbs/learn-unit"",""display"":{""en-US"":""learn-unit""}}",learn-unit:大数据与人工智能通识导论-05 数据思维-视频5-2：问题求解与思维方式,806.79
5e6f64786d598205ac9c505e,2020-03-16T11:35:20.023Z,201822111310200,"{""id"":""http://kfcoding.com/verbs/learn-unit"",""display"":{""en-US"":""learn-unit""}}",learn-unit:大数据与人工智能通识导论-05 数据思维-视频5-5：总结,114.36
5e6f647169b80405830da4ae,2020-03-16T11:35:13.541Z,201822111310200,"{""id"":""http://kfcoding.com/verbs/learn-unit"",""display"":{""en-US"":""learn-unit""}}",learn-unit:大数据与人工智能通识导论-05 数据思维-视频5-5：总结,107.55
5e6f646f69b80405830da4ac,2020-03-16T11:35:11.604Z,201822111310200,"{""id"":""http://kfcoding.com/verbs/learn-unit"",""display"":{""en-US"":""learn-unit""}}",learn-unit:大数据与人工智能通识导论-05 数据思维-视频5-5：总结,106.26
5e6f644b6d598205ac9c505a,2020-03-16T11:34:35.403Z,201822111310144,"{""id"":""http://kfcoding.com/verbs/learn-unit"",""display"":{""en-US"":""learn-unit""}}",learn-unit:大数据与人工智能通识导论-05 数据思维-视频5-3：计算思维与数据思维,0.02
5e6f644869b80405830da4a8,2020-03-16T11:34:32.115Z,201822111310144,"{""id"":""http://kfcoding.com/verbs/learn-unit"",""display"":{""en-US"":""learn-unit""}}",learn-unit:大数据与人工智能通识导论-05 数据思维-视频5-2：问题求解与思维方式,934.8
5e6f640969b80405830da498,2020-03-16T11:33:29.334Z,201931107010103,"{""id"":""http://kfcoding.com/verbs/learn-unit"",""display"":{""en-US"":""learn-unit""}}",learn-unit:大数据与人工智能通识导论-05 数据思维-视频5-1：开篇实例,1096.79
5e6f63696d598205ac9c5049,2020-03-16T11:30:49.274Z,201822111310194,"{""id"":""http://kfcoding.com/verbs/learn-unit"",""display"":{""en-US"":""learn-unit""}}",learn-unit:大数据与人工智能通识导论-05 数据思维-视频5-4：像数据科学家一样思考,686.64
5e6f634c69b80405830da48e,2020-03-16T11:30:20.902Z,201931108024014,"{""id"":""http://kfcoding.com/verbs/learn-unit"",""display"":{""en-US"":""learn-unit""}}",learn-unit:大数据与人工智能通识导论-05 数据思维-视频5-2：问题求解与思维方式,661.63
5e6f634c6d598205ac9c5048,2020-03-16T11:30:20.885Z,201822111310033,"{""id"":""http://kfcoding.com/verbs/learn-unit"",""display"":{""en-US"":""learn-unit""}}",learn-unit:大数据与人工智能通识导论-05 数据思维-视频5-5：总结,38.95
5e6f632e69b80405830da48b,2020-03-16T11:29:50.168Z,201822111511016,"{""id"":""http://kfcoding.com/verbs/learn-unit"",""display"":{""en-US"":""learn-unit""}}",learn-unit:大数据与人工智能通识导论-05 数据思维-视频5-2：问题求解与思维方式,766.86
5e6f631669b80405830da485,2020-03-16T11:29:26.821Z,201822111310055,"{""id"":""http://kfcoding.com/verbs/learn-unit"",""display"":{""en-US"":""learn-unit""}}",learn-unit:大数据与人工智能通识导论-05 数据思维-视频5-4：像数据科学家一样思考,659.71
5e6f62df6d598205ac9c5044,2020-03-16T11:28:31.134Z,201931108021022,"{""id"":""http://kfcoding.com/verbs/learn-unit"",""display"":{""en-US"":""learn-unit""}}",learn-unit:大数据与人工智能通识导论-05 数据思维-视频5-2：问题求解与思维方式,813.12
5e6f62a669b80405830da480,2020-03-16T11:27:34.645Z,201822111310326,"{""id"":""http://kfcoding.com/verbs/learn-unit"",""display"":{""en-US"":""learn-unit""}}",learn-unit:大数据与人工智能通识导论-05 数据思维-视频5-3：计算思维与数据思维,1071.11
5e6f628f6d598205ac9c5041,2020-03-16T11:27:11.947Z,201931103031004,"{""id"":""http://kfcoding.com/verbs/learn-unit"",""display"":{""en-US"":""learn-unit""}}",learn-unit:大数据与人工智能通识导论-05 数据思维-视频5-1：开篇实例,1260.65
5e6f626969b80405830da47d,2020-03-16T11:26:33.970Z,201822111310206,"{""id"":""http://kfcoding.com/verbs/learn-unit"",""display"":{""en-US"":""learn-unit""}}",learn-unit:大数据与人工智能通识导论-05 数据思维-视频5-2：问题求解与思维方式,882.48
5e6f62606d598205ac9c503f,2020-03-16T11:26:24.042Z,201822111310259,"{""id"":""http://kfcoding.com/verbs/learn-unit"",""display"":{""en-US"":""learn-unit""}}",learn-unit:大数据与人工智能通识导论-05 数据思维-视频5-1：开篇实例,436.39
5e6f624869b80405830da479,2020-03-16T11:26:00.977Z,201822111310124,"{""id"":""http://kfcoding.com/verbs/learn-unit"",""display"":{""en-US"":""learn-unit""}}",learn-unit:大数据与人工智能通识导论-05 数据思维-视频5-2：问题求解与思维方式,769.2
5e6f62426d598205ac9c503d,2020-03-16T11:25:54.441Z,201822111310075,"{""id"":""http://kfcoding.com/verbs/learn-unit"",""display"":{""en-US"":""learn-unit""}}",learn-unit:大数据与人工智能通识导论-05 数据思维-视频5-2：问题求解与思维方式,748.3
5e6f622a69b80405830da475,2020-03-16T11:25:30.370Z,201822111310103,"{""id"":""http://kfcoding.com/verbs/learn-unit"",""display"":{""en-US"":""learn-unit""}}",learn-unit:大数据与人工智能通识导论-05 数据思维-视频5-2：问题求解与思维方式,799.16
5e6f621269b80405830da46f,2020-03-16T11:25:06.925Z,201822111310175,"{""id"":""http://kfcoding.com/verbs/learn-unit"",""display"":{""en-US"":""learn-unit""}}",learn-unit:大数据与人工智能通识导论-05 数据思维-视频5-5：总结,0.02
5e6f62126d598205ac9c5039,2020-03-16T11:25:06.782Z,201822111310175,"{""id"":""http://kfcoding.com/verbs/learn-unit"",""display"":{""en-US"":""learn-unit""}}",learn-unit:大数据与人工智能通识导论-05 数据思维-视频5-4：像数据科学家一样思考,642.74
5e6f621069b80405830da46c,2020-03-16T11:25:04.386Z,201822111310288,"{""id"":""http://kfcoding.com/verbs/learn-unit"",""display"":{""en-US"":""learn-unit""}}",learn-unit:大数据与人工智能通识导论-05 数据思维-视频5-1：开篇实例,484
5e6f62086d598205ac9c5036,2020-03-16T11:24:56.287Z,201822111310127,"{""id"":""http://kfcoding.com/verbs/learn-unit"",""display"":{""en-US"":""learn-unit""}}",learn-unit:大数据与人工智能通识导论-05 数据思维-视频5-2：问题求解与思维方式,751.79
5e6f61ee69b80405830da469,2020-03-16T11:24:30.459Z,201722111930013,"{""id"":""http://kfcoding.com/verbs/learn-unit"",""display"":{""en-US"":""learn-unit""}}",learn-unit:大数据与人工智能通识导论-05 数据思维-视频5-1：开篇实例,2898.32
5e6f61a169b80405830da466,2020-03-16T11:23:13.878Z,201822111310087,"{""id"":""http://kfcoding.com/verbs/learn-unit"",""display"":{""en-US"":""learn-unit""}}",learn-unit:大数据与人工智能通识导论-05 数据思维-视频5-2：问题求解与思维方式,608.17
5e6f61966d598205ac9c502e,2020-03-16T11:23:02.381Z,201822111310205,"{""id"":""http://kfcoding.com/verbs/learn-unit"",""display"":{""en-US"":""learn-unit""}}",learn-unit:大数据与人工智能通识导论-05 数据思维-视频5-2：问题求解与思维方式,734.35
5e6f617069b80405830da464,2020-03-16T11:22:24.950Z,201822111310017,"{""id"":""http://kfcoding.com/verbs/learn-unit"",""display"":{""en-US"":""learn-unit""}}",learn-unit:大数据与人工智能通识导论-05 数据思维-视频5-1：开篇实例,452.58
5e6f616e6d598205ac9c502c,2020-03-16T11:22:22.860Z,201822111321038,"{""id"":""http://kfcoding.com/verbs/learn-unit"",""display"":{""en-US"":""learn-unit""}}",learn-unit:大数据与人工智能通识导论-05 数据思维-视频5-1：开篇实例,448.13
5e6f616069b80405830da462,2020-03-16T11:22:08.570Z,201822111310208,"{""id"":""http://kfcoding.com/verbs/learn-unit"",""display"":{""en-US"":""learn-unit""}}",learn-unit:大数据与人工智能通识导论-05 数据思维-视频5-2：问题求解与思维方式,784.56
5e6f61536d598205ac9c502a,2020-03-16T11:21:55.222Z,201822111310299,"{""id"":""http://kfcoding.com/verbs/learn-unit"",""display"":{""en-US"":""learn-unit""}}",learn-unit:大数据与人工智能通识导论-05 数据思维-视频5-1：开篇实例,552.27
5e6f60f96d598205ac9c5026,2020-03-16T11:20:25.221Z,201822111310139,"{""id"":""http://kfcoding.com/verbs/learn-unit"",""display"":{""en-US"":""learn-unit""}}",learn-unit:大数据与人工智能通识导论-05 数据思维-视频5-2：问题求解与思维方式,770.33
5e6f60e869b80405830da45d,2020-03-16T11:20:08.394Z,201822111321019,"{""id"":""http://kfcoding.com/verbs/learn-unit"",""display"":{""en-US"":""learn-unit""}}",learn-unit:大数据与人工智能通识导论-05 数据思维-视频5-1：开篇实例,507.89
5e6f60ba6d598205ac9c5024,2020-03-16T11:19:22.275Z,201822111310194,"{""id"":""http://kfcoding.com/verbs/learn-unit"",""display"":{""en-US"":""learn-unit""}}",learn-unit:大数据与人工智能通识导论-05 数据思维-视频5-3：计算思维与数据思维,8056.57
5e6f60b06d598205ac9c5022,2020-03-16T11:19:12.726Z,201931108024014,"{""id"":""http://kfcoding.com/verbs/learn-unit"",""display"":{""en-US"":""learn-unit""}}",learn-unit:大数据与人工智能通识导论-05 数据思维-视频5-2：问题求解与思维方式,152.28
5e6f609d6d598205ac9c501f,2020-03-16T11:18:53.303Z,201822111310144,"{""id"":""http://kfcoding.com/verbs/learn-unit"",""display"":{""en-US"":""learn-unit""}}",learn-unit:大数据与人工智能通识导论-05 数据思维-视频5-1：开篇实例,479.02
5e6f60826d598205ac9c501d,2020-03-16T11:18:26.950Z,201822111310055,"{""id"":""http://kfcoding.com/verbs/learn-unit"",""display"":{""en-US"":""learn-unit""}}",learn-unit:大数据与人工智能通识导论-05 数据思维-视频5-3：计算思维与数据思维,1195.8
5e6f606e6d598205ac9c5018,2020-03-16T11:18:06.373Z,201822111310200,"{""id"":""http://kfcoding.com/verbs/learn-unit"",""display"":{""en-US"":""learn-unit""}}",learn-unit:大数据与人工智能通识导论-05 数据思维-视频5-4：像数据科学家一样思考,0.49
5e6f606e6d598205ac9c5017,2020-03-16T11:18:06.254Z,201822111310200,"{""id"":""http://kfcoding.com/verbs/learn-unit"",""display"":{""en-US"":""learn-unit""}}",learn-unit:大数据与人工智能通识导论-05 数据思维-视频5-4：像数据科学家一样思考,0.13
5e6f606d6d598205ac9c5016,2020-03-16T11:18:05.902Z,201822111310200,"{""id"":""http://kfcoding.com/verbs/learn-unit"",""display"":{""en-US"":""learn-unit""}}",learn-unit:大数据与人工智能通识导论-05 数据思维-视频5-4：像数据科学家一样思考,0.02
5e6f606d6d598205ac9c5015,2020-03-16T11:18:05.730Z,201822111310200,"{""id"":""http://kfcoding.com/verbs/learn-unit"",""display"":{""en-US"":""learn-unit""}}",learn-unit:大数据与人工智能通识导论-05 数据思维-视频5-3：计算思维与数据思维,1182.93
5e6f606c6d598205ac9c5013,2020-03-16T11:18:04.792Z,201822111310200,"{""id"":""http://kfcoding.com/verbs/learn-unit"",""display"":{""en-US"":""learn-unit""}}",learn-unit:大数据与人工智能通识导论-05 数据思维-视频5-3：计算思维与数据思维,1181.98
5e6f606c6d598205ac9c5011,2020-03-16T11:18:04.357Z,201822111310200,"{""id"":""http://kfcoding.com/verbs/learn-unit"",""display"":{""en-US"":""learn-unit""}}",learn-unit:大数据与人工智能通识导论-05 数据思维-视频5-3：计算思维与数据思维,1181.56
5e6f606b6d598205ac9c500f,2020-03-16T11:18:03.185Z,201822111310200,"{""id"":""http://kfcoding.com/verbs/learn-unit"",""display"":{""en-US"":""learn-unit""}}",learn-unit:大数据与人工智能通识导论-05 数据思维-视频5-3：计算思维与数据思维,1180.38
5e6f60696d598205ac9c500d,2020-03-16T11:18:01.738Z,201822111310200,"{""id"":""http://kfcoding.com/verbs/learn-unit"",""display"":{""en-US"":""learn-unit""}}",learn-unit:大数据与人工智能通识导论-05 数据思维-视频5-3：计算思维与数据思维,1178.94
5e6f60696d598205ac9c500b,2020-03-16T11:18:01.057Z,201822111310200,"{""id"":""http://kfcoding.com/verbs/learn-unit"",""display"":{""en-US"":""learn-unit""}}",learn-unit:大数据与人工智能通识导论-05 数据思维-视频5-3：计算思维与数据思维,1178.25
5e6f60686d598205ac9c5009,2020-03-16T11:18:00.843Z,201822111310200,"{""id"":""http://kfcoding.com/verbs/learn-unit"",""display"":{""en-US"":""learn-unit""}}",learn-unit:大数据与人工智能通识导论-05 数据思维-视频5-3：计算思维与数据思维,1178.03
5e6f60686d598205ac9c5007,2020-03-16T11:18:00.391Z,201822111310200,"{""id"":""http://kfcoding.com/verbs/learn-unit"",""display"":{""en-US"":""learn-unit""}}",learn-unit:大数据与人工智能通识导论-05 数据思维-视频5-3：计算思维与数据思维,1177.34
5e6f60676d598205ac9c5005,2020-03-16T11:17:59.469Z,201822111310200,"{""id"":""http://kfcoding.com/verbs/learn-unit"",""display"":{""en-US"":""learn-unit""}}",learn-unit:大数据与人工智能通识导论-05 数据思维-视频5-3：计算思维与数据思维,1176.43
5e6f60666d598205ac9c5003,2020-03-16T11:17:58.780Z,201822111310200,"{""id"":""http://kfcoding.com/verbs/learn-unit"",""display"":{""en-US"":""learn-unit""}}",learn-unit:大数据与人工智能通识导论-05 数据思维-视频5-3：计算思维与数据思维,1175.97
5e6f60666d598205ac9c5001,2020-03-16T11:17:58.348Z,201822111310200,"{""id"":""http://kfcoding.com/verbs/learn-unit"",""display"":{""en-US"":""learn-unit""}}",learn-unit:大数据与人工智能通识导论-05 数据思维-视频5-3：计算思维与数据思维,1175.55
5e6f60666d598205ac9c4fff,2020-03-16T11:17:58.146Z,201822111310200,"{""id"":""http://kfcoding.com/verbs/learn-unit"",""display"":{""en-US"":""learn-unit""}}",learn-unit:大数据与人工智能通识导论-05 数据思维-视频5-3：计算思维与数据思维,1175.35
5e6f60656d598205ac9c4ffd,2020-03-16T11:17:57.963Z,201822111310200,"{""id"":""http://kfcoding.com/verbs/learn-unit"",""display"":{""en-US"":""learn-unit""}}",learn-unit:大数据与人工智能通识导论-05 数据思维-视频5-3：计算思维与数据思维,1175.16
5e6f60656d598205ac9c4ffb,2020-03-16T11:17:57.756Z,201822111310200,"{""id"":""http://kfcoding.com/verbs/learn-unit"",""display"":{""en-US"":""learn-unit""}}",learn-unit:大数据与人工智能通识导论-05 数据思维-视频5-3：计算思维与数据思维,1174.95
5e6f602e69b80405830da456,2020-03-16T11:17:02.963Z,201822111511016,"{""id"":""http://kfcoding.com/verbs/learn-unit"",""display"":{""en-US"":""learn-unit""}}",learn-unit:大数据与人工智能通识导论-05 数据思维-视频5-1：开篇实例,509.9
5e6f601869b80405830da453,2020-03-16T11:16:40.270Z,201931108024014,"{""id"":""http://kfcoding.com/verbs/learn-unit"",""display"":{""en-US"":""learn-unit""}}",learn-unit:大数据与人工智能通识导论-05 数据思维-视频5-1：开篇实例,710.54
5e6f600a6d598205ac9c4ff0,2020-03-16T11:16:26.565Z,201822111310043,"{""id"":""http://kfcoding.com/verbs/learn-unit"",""display"":{""en-US"":""learn-unit""}}",learn-unit:大数据与人工智能通识导论-05 数据思维-视频5-1：开篇实例,623.65
5e6f5fe669b80405830da451,2020-03-16T11:15:50.184Z,201931106020148,"{""id"":""http://kfcoding.com/verbs/learn-unit"",""display"":{""en-US"":""learn-unit""}}",learn-unit:大数据与人工智能通识导论-05 数据思维-视频5-5：总结,0.06
5e6f5fe66d598205ac9c4fef,2020-03-16T11:15:50.037Z,201931106020148,"{""id"":""http://kfcoding.com/verbs/learn-unit"",""display"":{""en-US"":""learn-unit""}}",learn-unit:大数据与人工智能通识导论-05 数据思维-视频5-4：像数据科学家一样思考,19.11
5e6f5fd669b80405830da44f,2020-03-16T11:15:34.933Z,201822111310174,"{""id"":""http://kfcoding.com/verbs/learn-unit"",""display"":{""en-US"":""learn-unit""}}",learn-unit:大数据与人工智能通识导论-05 数据思维-视频5-2：问题求解与思维方式,22.54
5e6f5fd26d598205ac9c4fec,2020-03-16T11:15:30.794Z,201931106020148,"{""id"":""http://kfcoding.com/verbs/learn-unit"",""display"":{""en-US"":""learn-unit""}}",learn-unit:大数据与人工智能通识导论-05 数据思维-视频5-5：总结,3.71
5e6f5fce6d598205ac9c4fea,2020-03-16T11:15:26.923Z,201931106020148,"{""id"":""http://kfcoding.com/verbs/learn-unit"",""display"":{""en-US"":""learn-unit""}}",learn-unit:大数据与人工智能通识导论-05 数据思维-视频5-4：像数据科学家一样思考,4.68
5e6f5fca69b80405830da44c,2020-03-16T11:15:22.137Z,201931106020148,"{""id"":""http://kfcoding.com/verbs/learn-unit"",""display"":{""en-US"":""learn-unit""}}",learn-unit:大数据与人工智能通识导论-05 数据思维-视频5-5：总结,4.32
5e6f5fc569b80405830da44b,2020-03-16T11:15:17.603Z,201931106020148,"{""id"":""http://kfcoding.com/verbs/learn-unit"",""display"":{""en-US"":""learn-unit""}}",learn-unit:大数据与人工智能通识导论-05 数据思维-视频5-4：像数据科学家一样思考,629.67
5e6f5fc06d598205ac9c4fe6,2020-03-16T11:15:12.244Z,201822111310174,"{""id"":""http://kfcoding.com/verbs/learn-unit"",""display"":{""en-US"":""learn-unit""}}",learn-unit:大数据与人工智能通识导论-05 数据思维-视频5-1：开篇实例,17.11
5e6f5fb669b80405830da446,2020-03-16T11:15:02.633Z,201822111310130,"{""id"":""http://kfcoding.com/verbs/learn-unit"",""display"":{""en-US"":""learn-unit""}}",learn-unit:大数据与人工智能通识导论-05 数据思维-视频5-1：开篇实例,373.49
5e6f5fb16d598205ac9c4fe4,2020-03-16T11:14:57.851Z,201931108021022,"{""id"":""http://kfcoding.com/verbs/learn-unit"",""display"":{""en-US"":""learn-unit""}}",learn-unit:大数据与人工智能通识导论-05 数据思维-视频5-1：开篇实例,358.27
5e6f5f9069b80405830da43b,2020-03-16T11:14:24.091Z,201822111310175,"{""id"":""http://kfcoding.com/verbs/learn-unit"",""display"":{""en-US"":""learn-unit""}}",learn-unit:大数据与人工智能通识导论-05 数据思维-视频5-4：像数据科学家一样思考,0.03
5e6f5f8f6d598205ac9c4fde,2020-03-16T11:14:23.973Z,201822111310175,"{""id"":""http://kfcoding.com/verbs/learn-unit"",""display"":{""en-US"":""learn-unit""}}",learn-unit:大数据与人工智能通识导论-05 数据思维-视频5-3：计算思维与数据思维,1397.04
5e6f5f5569b80405830da437,2020-03-16T11:13:25.655Z,201822111310075,"{""id"":""http://kfcoding.com/verbs/learn-unit"",""display"":{""en-US"":""learn-unit""}}",learn-unit:大数据与人工智能通识导论-05 数据思维-视频5-1：开篇实例,634.04
5e6f5f476d598205ac9c4fda,2020-03-16T11:13:11.611Z,201822111310124,"{""id"":""http://kfcoding.com/verbs/learn-unit"",""display"":{""en-US"":""learn-unit""}}",learn-unit:大数据与人工智能通识导论-05 数据思维-视频5-1：开篇实例,357.23
5e6f5f186d598205ac9c4fcf,2020-03-16T11:12:24.019Z,201822111310127,"{""id"":""http://kfcoding.com/verbs/learn-unit"",""display"":{""en-US"":""learn-unit""}}",learn-unit:大数据与人工智能通识导论-05 数据思维-视频5-1：开篇实例,394.61
5e6f5f0b69b80405830da42c,2020-03-16T11:12:11.009Z,201822111310103,"{""id"":""http://kfcoding.com/verbs/learn-unit"",""display"":{""en-US"":""learn-unit""}}",learn-unit:大数据与人工智能通识导论-05 数据思维-视频5-3：计算思维与数据思维,3.8
5e6f5f0a69b80405830da42a,2020-03-16T11:12:10.828Z,201822111310103,"{""id"":""http://kfcoding.com/verbs/learn-unit"",""display"":{""en-US"":""learn-unit""}}",learn-unit:大数据与人工智能通识导论-05 数据思维-视频5-3：计算思维与数据思维,3.62
5e6f5f0669b80405830da426,2020-03-16T11:12:06.972Z,201822111310103,"{""id"":""http://kfcoding.com/verbs/learn-unit"",""display"":{""en-US"":""learn-unit""}}",learn-unit:大数据与人工智能通识导论-05 数据思维-视频5-2：问题求解与思维方式,7.52
5e6f5f066d598205ac9c4fcc,2020-03-16T11:12:06.762Z,201822111310103,"{""id"":""http://kfcoding.com/verbs/learn-unit"",""display"":{""en-US"":""learn-unit""}}",learn-unit:大数据与人工智能通识导论-05 数据思维-视频5-2：问题求解与思维方式,7.31
5e6f5eff6d598205ac9c4fc8,2020-03-16T11:11:59.247Z,201822111310103,"{""id"":""http://kfcoding.com/verbs/learn-unit"",""display"":{""en-US"":""learn-unit""}}",learn-unit:大数据与人工智能通识导论-05 数据思维-视频5-1：开篇实例,405.71
5e6f5ef76d598205ac9c4fc6,2020-03-16T11:11:51.268Z,201822111310206,"{""id"":""http://kfcoding.com/verbs/learn-unit"",""display"":{""en-US"":""learn-unit""}}",learn-unit:大数据与人工智能通识导论-05 数据思维-视频5-1：开篇实例,372.84
5e6f5ef669b80405830da424,2020-03-16T11:11:50.013Z,201822111310156,"{""id"":""http://kfcoding.com/verbs/learn-unit"",""display"":{""en-US"":""learn-unit""}}",learn-unit:大数据与人工智能通识导论-05 数据思维-视频5-2：问题求解与思维方式,825.79
5e6f5eca69b80405830da41f,2020-03-16T11:11:06.469Z,201822111310131,"{""id"":""http://kfcoding.com/verbs/learn-unit"",""display"":{""en-US"":""learn-unit""}}",learn-unit:大数据与人工智能通识导论-05 数据思维-视频5-1：开篇实例,373.05
5e6f5eb96d598205ac9c4fbc,2020-03-16T11:10:49.897Z,201931106030001,"{""id"":""http://kfcoding.com/verbs/learn-unit"",""display"":{""en-US"":""learn-unit""}}",learn-unit:大数据与人工智能通识导论-05 数据思维-视频5-1：开篇实例,363.32
5e6f5df669b80405830da3f6,2020-03-16T11:07:34.672Z,201822111310139,"{""id"":""http://kfcoding.com/verbs/learn-unit"",""display"":{""en-US"":""learn-unit""}}",learn-unit:大数据与人工智能通识导论-05 数据思维-视频5-1：开篇实例,415.94
5e6f5d9969b80405830da3e2,2020-03-16T11:06:01.050Z,201822111310326,"{""id"":""http://kfcoding.com/verbs/learn-unit"",""display"":{""en-US"":""learn-unit""}}",learn-unit:大数据与人工智能通识导论-05 数据思维-视频5-2：问题求解与思维方式,809.99
5e6f5d4f6d598205ac9c4f90,2020-03-16T11:04:47.641Z,201931106020148,"{""id"":""http://kfcoding.com/verbs/learn-unit"",""display"":{""en-US"":""learn-unit""}}",learn-unit:大数据与人工智能通识导论-05 数据思维-视频5-3：计算思维与数据思维,1199.09
5e6f5bd669b80405830da3b3,2020-03-16T10:58:30.994Z,201822111310055,"{""id"":""http://kfcoding.com/verbs/learn-unit"",""display"":{""en-US"":""learn-unit""}}",learn-unit:大数据与人工智能通识导论-05 数据思维-视频5-2：问题求解与思维方式,809.79
5e6f5bbc69b80405830da3b1,2020-03-16T10:58:04.060Z,201822111310156,"{""id"":""http://kfcoding.com/verbs/learn-unit"",""display"":{""en-US"":""learn-unit""}}",learn-unit:大数据与人工智能通识导论-05 数据思维-视频5-1：开篇实例,364.22
5e6f5a6e6d598205ac9c4f66,2020-03-16T10:52:30.712Z,201822111310326,"{""id"":""http://kfcoding.com/verbs/learn-unit"",""display"":{""en-US"":""learn-unit""}}",learn-unit:大数据与人工智能通识导论-05 数据思维-视频5-1：开篇实例,266.39
5e6f5a6369b80405830da3a9,2020-03-16T10:52:19.260Z,201822111220032,"{""id"":""http://kfcoding.com/verbs/learn-unit"",""display"":{""en-US"":""learn-unit""}}",learn-unit:大数据与人工智能通识导论-05 数据思维-视频5-3：计算思维与数据思维,522.14
5e6f5a6369b80405830da3a8,2020-03-16T10:52:19.140Z,201822111220032,"{""id"":""http://kfcoding.com/verbs/learn-unit"",""display"":{""en-US"":""learn-unit""}}",learn-unit:大数据与人工智能通识导论-05 数据思维-视频5-3：计算思维与数据思维,522.01
5e6f5a1a6d598205ac9c4f5c,2020-03-16T10:51:06.811Z,201822111310175,"{""id"":""http://kfcoding.com/verbs/learn-unit"",""display"":{""en-US"":""learn-unit""}}",learn-unit:大数据与人工智能通识导论-05 数据思维-视频5-2：问题求解与思维方式,921.01
5e6f5a1a6d598205ac9c4f5b,2020-03-16T10:51:06.658Z,201822111310175,"{""id"":""http://kfcoding.com/verbs/learn-unit"",""display"":{""en-US"":""learn-unit""}}",learn-unit:大数据与人工智能通识导论-05 数据思维-视频5-2：问题求解与思维方式,920.85
5e6f58c869b80405830da38e,2020-03-16T10:45:28.218Z,201822111310103,"{""id"":""http://kfcoding.com/verbs/learn-unit"",""display"":{""en-US"":""learn-unit""}}",learn-unit:大数据与人工智能通识导论-05 数据思维-视频5-1：开篇实例,11.01
5e6f58ad69b80405830da385,2020-03-16T10:45:00.944Z,201822111310055,"{""id"":""http://kfcoding.com/verbs/learn-unit"",""display"":{""en-US"":""learn-unit""}}",learn-unit:大数据与人工智能通识导论-05 数据思维-视频5-1：开篇实例,367.95
5e6f58586d598205ac9c4f47,2020-03-16T10:43:36.974Z,201822111220032,"{""id"":""http://kfcoding.com/verbs/learn-unit"",""display"":{""en-US"":""learn-unit""}}",learn-unit:大数据与人工智能通识导论-05 数据思维-视频5-4：像数据科学家一样思考,943.92
5e6f58586d598205ac9c4f46,2020-03-16T10:43:36.829Z,201822111220032,"{""id"":""http://kfcoding.com/verbs/learn-unit"",""display"":{""en-US"":""learn-unit""}}",learn-unit:大数据与人工智能通识导论-05 数据思维-视频5-4：像数据科学家一样思考,943.77
5e6f580c69b80405830da37d,2020-03-16T10:42:20.637Z,201931106020148,"{""id"":""http://kfcoding.com/verbs/learn-unit"",""display"":{""en-US"":""learn-unit""}}",learn-unit:大数据与人工智能通识导论-05 数据思维-视频5-2：问题求解与思维方式,747.05
5e6f56816d598205ac9c4f37,2020-03-16T10:35:45.861Z,201822111310175,"{""id"":""http://kfcoding.com/verbs/learn-unit"",""display"":{""en-US"":""learn-unit""}}",learn-unit:大数据与人工智能通识导论-05 数据思维-视频5-2：问题求解与思维方式,0.06
5e6f568169b80405830da377,2020-03-16T10:35:45.707Z,201822111310175,"{""id"":""http://kfcoding.com/verbs/learn-unit"",""display"":{""en-US"":""learn-unit""}}",learn-unit:大数据与人工智能通识导论-05 数据思维-视频5-1：开篇实例,29.33
5e6f55216d598205ac9c4f12,2020-03-16T10:29:53.307Z,201931106020148,"{""id"":""http://kfcoding.com/verbs/learn-unit"",""display"":{""en-US"":""learn-unit""}}",learn-unit:大数据与人工智能通识导论-05 数据思维-视频5-1：开篇实例,361.41
5e6f54a869b80405830da366,2020-03-16T10:27:52.940Z,201822111220032,"{""id"":""http://kfcoding.com/verbs/learn-unit"",""display"":{""en-US"":""learn-unit""}}",learn-unit:大数据与人工智能通识导论-05 数据思维-视频5-3：计算思维与数据思维,1319.86
5e6f54a869b80405830da365,2020-03-16T10:27:52.802Z,201822111220032,"{""id"":""http://kfcoding.com/verbs/learn-unit"",""display"":{""en-US"":""learn-unit""}}",learn-unit:大数据与人工智能通识导论-05 数据思维-视频5-3：计算思维与数据思维,1319.71
5e6f4f806d598205ac9c4ed2,2020-03-16T10:05:52.972Z,201822111220032,"{""id"":""http://kfcoding.com/verbs/learn-unit"",""display"":{""en-US"":""learn-unit""}}",learn-unit:大数据与人工智能通识导论-05 数据思维-视频5-2：问题求解与思维方式,1135.16
5e6f4f806d598205ac9c4ed1,2020-03-16T10:05:52.843Z,201822111220032,"{""id"":""http://kfcoding.com/verbs/learn-unit"",""display"":{""en-US"":""learn-unit""}}",learn-unit:大数据与人工智能通识导论-05 数据思维-视频5-2：问题求解与思维方式,1135.02
5e6f4dc169b80405830da335,2020-03-16T09:58:25.598Z,201822111310123,"{""id"":""http://kfcoding.com/verbs/learn-unit"",""display"":{""en-US"":""learn-unit""}}",learn-unit:大数据与人工智能通识导论-05 数据思维-视频5-1：开篇实例,0.14
5e6f4c8369b80405830da328,2020-03-16T09:53:07.785Z,201822111310036,"{""id"":""http://kfcoding.com/verbs/learn-unit"",""display"":{""en-US"":""learn-unit""}}",learn-unit:大数据与人工智能通识导论-05 数据思维-视频5-4：像数据科学家一样思考,570.83
5e6f4b116d598205ac9c4eca,2020-03-16T09:46:57.677Z,201822111220032,"{""id"":""http://kfcoding.com/verbs/learn-unit"",""display"":{""en-US"":""learn-unit""}}",learn-unit:大数据与人工智能通识导论-05 数据思维-视频5-1：开篇实例,388.73
5e6f4b116d598205ac9c4ec9,2020-03-16T09:46:57.520Z,201822111220032,"{""id"":""http://kfcoding.com/verbs/learn-unit"",""display"":{""en-US"":""learn-unit""}}",learn-unit:大数据与人工智能通识导论-05 数据思维-视频5-1：开篇实例,388.58
5e6f4a486d598205ac9c4ebf,2020-03-16T09:43:36.955Z,201822111310036,"{""id"":""http://kfcoding.com/verbs/learn-unit"",""display"":{""en-US"":""learn-unit""}}",learn-unit:大数据与人工智能通识导论-05 数据思维-视频5-4：像数据科学家一样思考,0.02
5e6f4a4869b80405830da311,2020-03-16T09:43:36.817Z,201822111310036,"{""id"":""http://kfcoding.com/verbs/learn-unit"",""display"":{""en-US"":""learn-unit""}}",learn-unit:大数据与人工智能通识导论-05 数据思维-视频5-3：计算思维与数据思维,1488.52
5e6f498c6d598205ac9c4ebd,2020-03-16T09:40:28.956Z,201822111220032,"{""id"":""http://kfcoding.com/verbs/learn-unit"",""display"":{""en-US"":""learn-unit""}}",learn-unit:大数据与人工智能通识导论-05 数据思维-视频5-1：开篇实例,0.02
5e6f44786d598205ac9c4e9e,2020-03-16T09:18:48.167Z,201822111310036,"{""id"":""http://kfcoding.com/verbs/learn-unit"",""display"":{""en-US"":""learn-unit""}}",learn-unit:大数据与人工智能通识导论-05 数据思维-视频5-2：问题求解与思维方式,766.95
5e6f44786d598205ac9c4e9d,2020-03-16T09:18:48.076Z,201822111310036,"{""id"":""http://kfcoding.com/verbs/learn-unit"",""display"":{""en-US"":""learn-unit""}}",learn-unit:大数据与人工智能通识导论-05 数据思维-视频5-2：问题求解与思维方式,766.85
5e6f439b69b80405830da2f5,2020-03-16T09:15:07.120Z,201822111310332,"{""id"":""http://kfcoding.com/verbs/learn-unit"",""display"":{""en-US"":""learn-unit""}}",learn-unit:大数据与人工智能通识导论-05 数据思维-视频5-4：像数据科学家一样思考,926.65
5e6f417969b80405830da2f2,2020-03-16T09:06:01.260Z,201822111310036,"{""id"":""http://kfcoding.com/verbs/learn-unit"",""display"":{""en-US"":""learn-unit""}}",learn-unit:大数据与人工智能通识导论-05 数据思维-视频5-2：问题求解与思维方式,0.05
5e6f41796d598205ac9c4e95,2020-03-16T09:06:01.096Z,201822111310036,"{""id"":""http://kfcoding.com/verbs/learn-unit"",""display"":{""en-US"":""learn-unit""}}",learn-unit:大数据与人工智能通识导论-05 数据思维-视频5-1：开篇实例,356.54
5e6f414169b80405830da2ee,2020-03-16T09:05:05.233Z,201822111310194,"{""id"":""http://kfcoding.com/verbs/learn-unit"",""display"":{""en-US"":""learn-unit""}}",learn-unit:大数据与人工智能通识导论-05 数据思维-视频5-2：问题求解与思维方式,1389.12
5e6f3ffc69b80405830da2e7,2020-03-16T08:59:40.189Z,201822111310332,"{""id"":""http://kfcoding.com/verbs/learn-unit"",""display"":{""en-US"":""learn-unit""}}",learn-unit:大数据与人工智能通识导论-05 数据思维-视频5-3：计算思维与数据思维,1264.21
5e6f3bd369b80405830da2c6,2020-03-16T08:41:55.524Z,201822111310194,"{""id"":""http://kfcoding.com/verbs/learn-unit"",""display"":{""en-US"":""learn-unit""}}",learn-unit:大数据与人工智能通识导论-05 数据思维-视频5-1：开篇实例,434.19
5e6f3b0b6d598205ac9c4e57,2020-03-16T08:38:35.709Z,201822111310332,"{""id"":""http://kfcoding.com/verbs/learn-unit"",""display"":{""en-US"":""learn-unit""}}",learn-unit:大数据与人工智能通识导论-05 数据思维-视频5-2：问题求解与思维方式,788.35
5e6f37f769b80405830da2a1,2020-03-16T08:25:27.115Z,201822111310332,"{""id"":""http://kfcoding.com/verbs/learn-unit"",""display"":{""en-US"":""learn-unit""}}",learn-unit:大数据与人工智能通识导论-05 数据思维-视频5-1：开篇实例,867.77
5e6e29bf69b80405830da0a4,2020-03-15T13:12:31.918Z,20120010,"{""id"":""http://kfcoding.com/verbs/learn-unit"",""display"":{""en-US"":""learn-unit""}}",learn-unit:大数据与人工智能通识导论-05 数据思维-视频5-4：像数据科学家一样思考,18.48
5e6e29ad6d598205ac9c4c02,2020-03-15T13:12:13.062Z,20120010,"{""id"":""http://kfcoding.com/verbs/learn-unit"",""display"":{""en-US"":""learn-unit""}}",learn-unit:大数据与人工智能通识导论-05 数据思维-视频5-3：计算思维与数据思维,18.3
5e6e299a69b80405830da0a2,2020-03-15T13:11:54.275Z,20120010,"{""id"":""http://kfcoding.com/verbs/learn-unit"",""display"":{""en-US"":""learn-unit""}}",learn-unit:大数据与人工智能通识导论-05 数据思维-视频5-2：问题求解与思维方式,16.07
5e6e29896d598205ac9c4c00,2020-03-15T13:11:37.926Z,20120010,"{""id"":""http://kfcoding.com/verbs/learn-unit"",""display"":{""en-US"":""learn-unit""}}",learn-unit:大数据与人工智能通识导论-05 数据思维-视频5-1：开篇实例,16.21
5e6e29776d598205ac9c4bfe,2020-03-15T13:11:19.162Z,20120010,"{""id"":""http://kfcoding.com/verbs/learn-unit"",""display"":{""en-US"":""learn-unit""}}",learn-unit:大数据与人工智能通识导论-05 数据思维-视频5-1：开篇实例,2.34